filename	api_size	api_md5	local_size	local_md5	status
assets/banner-with-tabs.js	3796	f4dc7d70f578e9b8ee71e15e5d3c747b	3796	f4dc7d70f578e9b8ee71e15e5d3c747b	exact
assets/buttons-with-icon-list.js	3532	72e2c143585ad7176f3ac4e7e766f263	3532	72e2c143585ad7176f3ac4e7e766f263	exact
assets/cart.css	6268	e420a564b0a9fbddbff414edfa769127	6268	e420a564b0a9fbddbff414edfa769127	exact
assets/cart.js	32906	7ae30e6f0d89ee6b6f1bceeaf9ba0b5d	32906	7ae30e6f0d89ee6b6f1bceeaf9ba0b5d	exact
assets/collapsible-tabs.js	1246	58a2a1a84e1b8081a13ad7a81758738d	1246	58a2a1a84e1b8081a13ad7a81758738d	exact
assets/collection-cards.js	4253	68a9eb3b081a0717316f19b43591d7a8	4253	68a9eb3b081a0717316f19b43591d7a8	exact
assets/collection-item-slider.js	3924	c9dff263b542eef1f8215c612bd6ff1e	3924	c9dff263b542eef1f8215c612bd6ff1e	exact
assets/collection-list.js	3853	c80bcdcc45daa410d043c3eebed2fccb	3853	c80bcdcc45daa410d043c3eebed2fccb	exact
assets/collection-tabs.js	2639	724f6169224ebecb1ad78e4ab1c1d8a0	2639	724f6169224ebecb1ad78e4ab1c1d8a0	exact
assets/collection.css	7211	ec9a8631360c9ff456a9c4116f966c97	7211	ec9a8631360c9ff456a9c4116f966c97	exact
assets/compare.css	4877	3af00757c10fc65d7c968c1fc26cb16c	4877	3af00757c10fc65d7c968c1fc26cb16c	exact
assets/compare.js	16392	df0fe4f644593bb42cf1ec6cb6afa5fc	16392	df0fe4f644593bb42cf1ec6cb6afa5fc	exact
assets/complementary-product-slider.js	4087	7ac2cd621cbfad9101ed458a9a7187c7	4087	7ac2cd621cbfad9101ed458a9a7187c7	exact
assets/component-article-card.css	1464	03c5d6819ccb4345008e4a02bdd069c5	1464	03c5d6819ccb4345008e4a02bdd069c5	exact
assets/component-card-img-with-product.css	995	c83ba878a2cffc3238cb6ce87d81c489	995	c83ba878a2cffc3238cb6ce87d81c489	exact
assets/component-card-shop-the-feed.css	996	55b8918fec9387bf69e8733162fa4967	996	55b8918fec9387bf69e8733162fa4967	exact
assets/component-collection-item-slider.css	373	f66d8d53ed98e8aa4734a0e483e86457	373	f66d8d53ed98e8aa4734a0e483e86457	exact
assets/component-countdown-timer.css	695	e05a65d674f95713aeedf710fd14cb99	695	e05a65d674f95713aeedf710fd14cb99	exact
assets/component-country-flag.css	17347	976204ba8f0e6a0d31984bf2069fd6bf	17347	976204ba8f0e6a0d31984bf2069fd6bf	exact
assets/component-custom-card.css	277	f480e18e7f63f0ab35d7ad7eca38a5ed	277	f480e18e7f63f0ab35d7ad7eca38a5ed	exact
assets/component-custom-image-with-text.css	1241	e6d0acf3ac02e286e61bdfae8630504d	1241	e6d0acf3ac02e286e61bdfae8630504d	exact
assets/component-custom-text-card-with-image.css	348	f5f77b6fed8c1ce3ca9ab5cc541853c8	348	f5f77b6fed8c1ce3ca9ab5cc541853c8	exact
assets/component-deferred-media.css	1846	24a4ec9dc2fb7a3f09643c3066bbe3e1	1846	24a4ec9dc2fb7a3f09643c3066bbe3e1	exact
assets/component-grid-banner.css	1121	e62797e8d5489eedf9f12d9976fadc15	1121	e62797e8d5489eedf9f12d9976fadc15	exact
assets/component-help-sidebar.css	1111	b880db0f95abde6aa07b0c489ce056bc	1111	b880db0f95abde6aa07b0c489ce056bc	exact
assets/component-list-social.css	374	f866d22d8db909a4a0e3e38545252469	374	f866d22d8db909a4a0e3e38545252469	exact
assets/component-lookbook-card-modal.css	2636	ec564476899f13a6f703fee5dc9581e0	2636	ec564476899f13a6f703fee5dc9581e0	exact
assets/component-lookbook-card.css	4479	c5e3aa218ffa50ada8e8dc7d03b7af96	4479	c5e3aa218ffa50ada8e8dc7d03b7af96	exact
assets/component-model-viewer-ui.css	1663	f1ef8e7012c3c7c5d5a9032ac24c42cb	1663	f1ef8e7012c3c7c5d5a9032ac24c42cb	exact
assets/component-multicolumn-card.css	3499	a25b8f95576cfb9a49c71689e24d53cb	3499	a25b8f95576cfb9a49c71689e24d53cb	exact
assets/component-pickup-availability.css	1272	3bf0905c0389325d83caa3b06cdab7f4	1272	3bf0905c0389325d83caa3b06cdab7f4	exact
assets/component-product-variant-picker.css	7630	9f0c1de850ed3f5834585c9cfbf662e9	7630	9f0c1de850ed3f5834585c9cfbf662e9	exact
assets/component-tabs.css	2579	64b4bd29d9ed77869cbca895c1ba59b1	2579	64b4bd29d9ed77869cbca895c1ba59b1	exact
assets/component-testimonial.css	7490	9e16d9bef9511befd534fca420352877	7490	9e16d9bef9511befd534fca420352877	exact
assets/component-volume-pricing.css	584	d45d9142730998bfee8b0b7d1a1c5922	584	d45d9142730998bfee8b0b7d1a1c5922	exact
assets/countdown-timer.js	5096	0aa474cb71ae4a95623e28b49c9c5986	5096	0aa474cb71ae4a95623e28b49c9c5986	exact
assets/customer.css	3545	756bca2bf95999a825bdfdb56efe592b	3545	756bca2bf95999a825bdfdb56efe592b	exact
assets/customer.js	2495	4374eca4232806577fa60225831da0c2	2495	4374eca4232806577fa60225831da0c2	exact
assets/facets.js	19799	fe217752943c4550d463719de50c9aaf	19799	fe217752943c4550d463719de50c9aaf	exact
assets/favorite-products.js	5671	165bd0f10eaf54d7c52a3b38387e2686	5671	165bd0f10eaf54d7c52a3b38387e2686	exact
assets/featured-collection.js	4642	02b560be4ea8dbc023ba44b32f3227fc	4642	02b560be4ea8dbc023ba44b32f3227fc	exact
assets/footer.js	696	103074a7e2d340bf9386dd463d0a531f	696	103074a7e2d340bf9386dd463d0a531f	exact
assets/gift-wrapping.js	3697	efbe26914a6c578994c547a7c0822301	3697	efbe26914a6c578994c547a7c0822301	exact
assets/giftcard.css	1757	7af8fcdda1b2e49aa4909918ec5fd4fe	1757	7af8fcdda1b2e49aa4909918ec5fd4fe	exact
assets/header.js	27685	cef80915cd25de316863c238efee804c	27685	cef80915cd25de316863c238efee804c	exact
assets/highlight-text-image.js	1016	e3d9b23613d8978ef0994814caf3e6db	1016	e3d9b23613d8978ef0994814caf3e6db	exact
assets/icon-account.svg	618	74eec72ee06556d4067cdf500399a7ed	618	74eec72ee06556d4067cdf500399a7ed	exact
assets/icon-approximate-equal.svg	421	5a9783a23e700b45b48bfddd0c8dd73f	421	5a9783a23e700b45b48bfddd0c8dd73f	exact
assets/icon-arrow-left.svg	378	337883d57efe7d61bb81fa66fa3416ae	378	337883d57efe7d61bb81fa66fa3416ae	exact
assets/icon-arrow-right.svg	381	c759f13557c9f56ddbaa33e00be13948	381	c759f13557c9f56ddbaa33e00be13948	exact
assets/icon-caret-left.svg	250	995138bce292594399ea0ee94dcded18	250	995138bce292594399ea0ee94dcded18	exact
assets/icon-caret-right.svg	250	c18ec311b1e75f15c3f4c8b27ae44618	250	c18ec311b1e75f15c3f4c8b27ae44618	exact
assets/icon-cart.svg	886	9d74b19213bbf5d3847cdb19841a1ad3	886	9d74b19213bbf5d3847cdb19841a1ad3	exact
assets/icon-chat.svg	498	a04602f331e0e4ad98efacefb4b8a145	498	a04602f331e0e4ad98efacefb4b8a145	exact
assets/icon-close.svg	414	6bdd11f146be362d578c431e9ba75f26	414	6bdd11f146be362d578c431e9ba75f26	exact
assets/icon-download.svg	571	e81fb293d0ce4243c8e14a46c7901dee	571	e81fb293d0ce4243c8e14a46c7901dee	exact
assets/icon-hamburger.svg	520	d222256ca43bb9ed862acbda421dde27	520	d222256ca43bb9ed862acbda421dde27	exact
assets/icon-headphone.svg	1175	aa4bf18433e4f9bbd4574001180c54fb	1175	aa4bf18433e4f9bbd4574001180c54fb	exact
assets/icon-heart.svg	382	e69ea0dea6e2a8f24fa884485d898a71	382	e69ea0dea6e2a8f24fa884485d898a71	exact
assets/icon-home.svg	1070	7d547d81c7dab83f88134953138a0494	1070	7d547d81c7dab83f88134953138a0494	exact
assets/icon-pause.svg	439	69735610bd1e3ee05f02a66c229d82f6	439	69735610bd1e3ee05f02a66c229d82f6	exact
assets/icon-pencil.svg	747	29ca9b4db731375d03af6821236af80b	747	29ca9b4db731375d03af6821236af80b	exact
assets/icon-play-outline.svg	360	f55c6f3db4dcc680e333038f925f9df5	360	f55c6f3db4dcc680e333038f925f9df5	exact
assets/icon-plus.svg	390	bb3c2770c28ca1bc8b81e7f7224dfaaf	390	bb3c2770c28ca1bc8b81e7f7224dfaaf	exact
assets/icon-search.svg	506	42cfeed0dad31d18189eead24b5b36f8	506	42cfeed0dad31d18189eead24b5b36f8	exact
assets/icon-setting.svg	946	fec03dd8c3c93a3f078f9a7358109926	946	fec03dd8c3c93a3f078f9a7358109926	exact
assets/icon-sign-in.svg	568	dac24a06dcc985ae6bad6a6f00737eb5	568	dac24a06dcc985ae6bad6a6f00737eb5	exact
assets/icon-speaker-hifi.svg	893	b8ded3091634025c6a71a6c1876fd5be	893	b8ded3091634025c6a71a6c1876fd5be	exact
assets/icon-speaker.svg	722	5a85d08e85158f6bf52aed74cf477688	722	5a85d08e85158f6bf52aed74cf477688	exact
assets/icon-stop.svg	287	86187410882803bd6c5eddb0e8ff0d27	287	86187410882803bd6c5eddb0e8ff0d27	exact
assets/icon-upload.svg	566	b71170c3f26e9f758b621c9781ff0db8	566	b71170c3f26e9f758b621c9781ff0db8	exact
assets/image-cards.js	3704	084ee8c9b2e27f61ee70fa0f9291e5cd	3704	084ee8c9b2e27f61ee70fa0f9291e5cd	exact
assets/image-comparison.js	2796	a0142cd930a8435e6dba696625eada3d	2796	a0142cd930a8435e6dba696625eada3d	exact
assets/image-with-text-slider.js	7420	13b22ba02edcadfa9f480b39edc6c423	7420	13b22ba02edcadfa9f480b39edc6c423	exact
assets/localization-form.js	0	d41d8cd98f00b204e9800998ecf8427e	0	d41d8cd98f00b204e9800998ecf8427e	exact
assets/lookbook-card.js	1815	540ea61dac40f12d26abd080550ceea7	1815	540ea61dac40f12d26abd080550ceea7	exact
assets/lookbook-icon.js	2301	9e5ca64752f6e3df187919ef779befe5	2301	9e5ca64752f6e3df187919ef779befe5	exact
assets/lookbook-slider.js	4125	e269869c5a8e532a1fd29862e962e309	4125	e269869c5a8e532a1fd29862e962e309	exact
assets/media-gallery.js	13833	c35c551e2e3e930636b391f1d6569a64	13833	c35c551e2e3e930636b391f1d6569a64	exact
assets/mobile-sticky-bar.js	2610	9ba84a7f822046005dd1380d52211e99	2610	9ba84a7f822046005dd1380d52211e99	exact
assets/multiple-product-bundles.js	3739	8a2c634b3f69c63da20e4fd09eda9fa8	3739	8a2c634b3f69c63da20e4fd09eda9fa8	exact
assets/password.css	2629	2920408684e0b8df6fd86e13f5280aef	2629	2920408684e0b8df6fd86e13f5280aef	exact
assets/password.js	256	a0506ab3ba080128721f193bbb5c1ae9	256	a0506ab3ba080128721f193bbb5c1ae9	exact
assets/photoswipe-component.css	8966	d7db0d66892f928e840f9f2fc3baf7fa	8966	d7db0d66892f928e840f9f2fc3baf7fa	exact
assets/photoswipe.js	91258	de40404286d1db78e8736abcffbe8bbf	91258	de40404286d1db78e8736abcffbe8bbf	exact
assets/pickup-availability.js	2631	2d19fdaf12506fef047babf0300df2f2	2631	2d19fdaf12506fef047babf0300df2f2	exact
assets/press.js	3104	3f70f6fb8e674306d162cb5415586c73	3104	3f70f6fb8e674306d162cb5415586c73	exact
assets/price-per-item.js	4961	61ee34d560954e6189cdf120701f613d	4961	61ee34d560954e6189cdf120701f613d	exact
assets/product-info.js	15449	00b2c704f31181f5adee26a50bdcffcd	15449	00b2c704f31181f5adee26a50bdcffcd	exact
assets/product-model.js	1945	fba27b9fc76c1a101e008e1d1d722174	1945	fba27b9fc76c1a101e008e1d1d722174	exact
assets/product-recommendations.js	1643	bbadcd0dc197da0b2e6154471390c276	1643	bbadcd0dc197da0b2e6154471390c276	exact
assets/product-share.js	1208	30d899f150eca8459cac3365a6ddee7f	1208	30d899f150eca8459cac3365a6ddee7f	exact
assets/product-slider.js	5277	3bca466eacc8a0122560845872c4709d	5277	3bca466eacc8a0122560845872c4709d	exact
assets/product-tabs.js	3476	935692f90c4e5167df4f3b866b4b259b	3476	935692f90c4e5167df4f3b866b4b259b	exact
assets/products-bundle-selection.js	14750	b9601ed7d8bf47822b038e23252cac16	14750	b9601ed7d8bf47822b038e23252cac16	exact
assets/products-bundle.js	17652	8a827ebee94b10fdbca7a1115ebd4661	17652	8a827ebee94b10fdbca7a1115ebd4661	exact
assets/quantity-popover.js	2522	bbf94921ec9d2139f8f731d02a07eed5	2522	bbf94921ec9d2139f8f731d02a07eed5	exact
assets/quick-comparison-table.js	1489	d07ab07c6c7bfbfb70982518fb3d5df8	1489	d07ab07c6c7bfbfb70982518fb3d5df8	exact
assets/quick-order-list.css	2304	af62627008bd944a041951717923bdb4	2304	af62627008bd944a041951717923bdb4	exact
assets/quick-order-list.js	17733	825e8f82f5f18a6ae237864d7e34b2cb	17733	825e8f82f5f18a6ae237864d7e34b2cb	exact
assets/quick-view.js	4381	ea0123caf8c2b178f7e1a6502b1d1cda	4381	ea0123caf8c2b178f7e1a6502b1d1cda	exact
assets/recently-viewed-products.js	2883	64fe6f77e8d42bf068540ebacdd83f1c	2883	64fe6f77e8d42bf068540ebacdd83f1c	exact
assets/recipient-form.js	6643	1015b7c56c9501937506ff91ec300344	6643	1015b7c56c9501937506ff91ec300344	exact
assets/rtl.css	2889	be83f2ffc64ba130acb4cc99663f9aac	2889	be83f2ffc64ba130acb4cc99663f9aac	exact
assets/scrolling-banner.js	5296	cda07a8a4e0f776fb36aef63595ecab9	5296	cda07a8a4e0f776fb36aef63595ecab9	exact
assets/search.js	7421	1340b50f7037042eb66de7fff1c9016a	7421	1340b50f7037042eb66de7fff1c9016a	exact
assets/section-banner-with-tabs.css	4249	2c83cf1a22a08565a3855838b363ad32	4249	2c83cf1a22a08565a3855838b363ad32	exact
assets/section-banners-with-categories.css	908	6782886876bf00dac26295baa043553f	908	6782886876bf00dac26295baa043553f	exact
assets/section-brand-logos.css	2270	9906836625a3f13b1e98bda99a7355da	2270	9906836625a3f13b1e98bda99a7355da	exact
assets/section-buttons-with-icon.css	2266	51857ede8fd0d9549708c089e9fa730a	2266	51857ede8fd0d9549708c089e9fa730a	exact
assets/section-collapsible-tabs.css	1959	fb547aadfbd47f8e4587cac6596cfee2	1959	fb547aadfbd47f8e4587cac6596cfee2	exact
assets/section-collection-cards.css	956	6a9870a4e73e862fd7d9f63b28a4ba90	956	6a9870a4e73e862fd7d9f63b28a4ba90	exact
assets/section-collection-hero.css	1798	a1e2b0e86ac9e8fbb742019845d96b42	1798	a1e2b0e86ac9e8fbb742019845d96b42	exact
assets/section-collection-list-with-banner.css	2673	cb6ce784af789adcd6b57ab0f47d4ecc	2673	cb6ce784af789adcd6b57ab0f47d4ecc	exact
assets/section-collection-list.css	2849	5c78e2255c20389812fdd0415185299e	2849	5c78e2255c20389812fdd0415185299e	exact
assets/section-collection-tabs.css	3738	96524251a76ae758b5001c9bb5ee2935	3738	96524251a76ae758b5001c9bb5ee2935	exact
assets/section-comparison-table.css	1249	a4d97792f9710aea96b95e8133f6470c	1249	a4d97792f9710aea96b95e8133f6470c	exact
assets/section-contact-form.css	678	ef9cf12a1d04fe94b8e37b693fd83235	678	ef9cf12a1d04fe94b8e37b693fd83235	exact
assets/section-countdown-timer.css	1403	27ddab07ae2f6919ccc8b7bf7a514336	1403	27ddab07ae2f6919ccc8b7bf7a514336	exact
assets/section-custom-content.css	1	68b329da9893e34099c7d8ad5cb9c940	1	68b329da9893e34099c7d8ad5cb9c940	exact
assets/section-favorite-products.css	3018	ce72acaf32bc292b2a27952f8c2cd1a5	3018	ce72acaf32bc292b2a27952f8c2cd1a5	exact
assets/section-featured-blog.css	1	68b329da9893e34099c7d8ad5cb9c940	1	68b329da9893e34099c7d8ad5cb9c940	exact
assets/section-featured-collection.css	704	456724768d5fc975a54992c539c942d3	704	456724768d5fc975a54992c539c942d3	exact
assets/section-featured-countdown-timer.css	881	79e72c124b247234c09ec462acaa5304	881	79e72c124b247234c09ec462acaa5304	exact
assets/section-featured-products-tab.css	2180	344a4553e8a9632f7bc12ba31c6c53c6	2180	344a4553e8a9632f7bc12ba31c6c53c6	exact
assets/section-highlight-text-image.css	487	725da70bf4cf258cd78ad38e646c9d31	487	725da70bf4cf258cd78ad38e646c9d31	exact
assets/section-image-comparison.css	6680	f03cfde86d29bea3d1f85560b2f3d03b	6680	f03cfde86d29bea3d1f85560b2f3d03b	exact
assets/section-image-with-feature.css	1233	79d3d1a7f59a260534b64f4a225e7332	1233	79d3d1a7f59a260534b64f4a225e7332	exact
assets/section-image-with-text-slider.css	1574	41b645b78d87e8716991ecdf634f1bad	1574	41b645b78d87e8716991ecdf634f1bad	exact
assets/section-image-with-text.css	2288	a7d9b901ca94d6865127bfb08db21853	2288	a7d9b901ca94d6865127bfb08db21853	exact
assets/section-layered-images-with-text.css	1512	d3a99039a2e9f8bfca81f660d3eb4316	1512	d3a99039a2e9f8bfca81f660d3eb4316	exact
assets/section-lookbook-banner.css	225	545e1239e5da3d4492b101e302a31cd1	225	545e1239e5da3d4492b101e302a31cd1	exact
assets/section-lookbook-slider.css	1525	d99923d514b0d43be09e57e8c0f3df80	1525	d99923d514b0d43be09e57e8c0f3df80	exact
assets/section-main-article.css	1739	73232c7a210ebbd3b85ff47c0945873c	1739	73232c7a210ebbd3b85ff47c0945873c	exact
assets/section-main-blog.css	482	ba145fd0f76c79dc505d22cca0b23328	482	ba145fd0f76c79dc505d22cca0b23328	exact
assets/section-main-product.css	21138	e5cea90b23b916d9b3fbbc9dcc630fc1	21138	e5cea90b23b916d9b3fbbc9dcc630fc1	exact
assets/section-multiple-product-bundles.css	931	26872d71918f7eae5ea10fc16d4db5c5	931	26872d71918f7eae5ea10fc16d4db5c5	exact
assets/section-newsletter.css	319	28289485d8daa6fca5c111248e2317f5	319	28289485d8daa6fca5c111248e2317f5	exact
assets/section-press.css	761	2e7f8f044f215f4f46b87be5dae3f82f	761	2e7f8f044f215f4f46b87be5dae3f82f	exact
assets/section-products-bundle-selection.css	4236	f7bfc4ab6439195a5748233793ddd5bb	4236	f7bfc4ab6439195a5748233793ddd5bb	exact
assets/section-products-bundle.css	4169	876c7bed2ac2221984761eb65cad628d	4169	876c7bed2ac2221984761eb65cad628d	exact
assets/section-promotion-banner.css	2454	ec43864c23914a120aa4aeddce0b2ab5	2454	ec43864c23914a120aa4aeddce0b2ab5	exact
assets/section-quick-comparison-table.css	2555	6a1f19ed7f2f1cd403aa7a8895c4572b	2555	6a1f19ed7f2f1cd403aa7a8895c4572b	exact
assets/section-scrolling-banner.css	1885	bfc17dcafdf01a3af1375852a90a8ae4	1885	bfc17dcafdf01a3af1375852a90a8ae4	exact
assets/section-scrolling-gallery-image.css	621	ca7839945513f26c4773db96acf9d8c2	621	ca7839945513f26c4773db96acf9d8c2	exact
assets/section-slider-with-multicolumn.css	412	23525957ee007683872de34248aac292	412	23525957ee007683872de34248aac292	exact
assets/section-slideshow-with-product.css	2553	56a5c3f983745e65b8e0eba6e0ba91cf	2553	56a5c3f983745e65b8e0eba6e0ba91cf	exact
assets/section-slideshow.css	2913	b90537ee80c03884097dce3ff78a7a8f	2913	b90537ee80c03884097dce3ff78a7a8f	exact
assets/section-spotlight-picks.css	562	d189f92b6f830d54aa00b8bfce5ced4d	562	d189f92b6f830d54aa00b8bfce5ced4d	exact
assets/section-sticky-atc-bar-minimalist.css	754	7c39bb2400d1c4a32618a38351f6dbca	754	7c39bb2400d1c4a32618a38351f6dbca	exact
assets/section-sticky-atc-bar.css	1771	f776bae05e328b14c61db7d4f3df7dc3	1771	f776bae05e328b14c61db7d4f3df7dc3	exact
assets/section-testimonials-masonry.css	562	70aaad479eafec1e69072c21dfb36e36	562	70aaad479eafec1e69072c21dfb36e36	exact
assets/section-testimonials.css	959	d5b38270fad69225e1ec13c7412324e7	959	d5b38270fad69225e1ec13c7412324e7	exact
assets/shop-the-feed.js	5039	deacf2b712f3997a139a7392335acbdb	5039	deacf2b712f3997a139a7392335acbdb	exact
assets/show-more.js	1256	4e509114e474970932f5a56f34764759	1256	4e509114e474970932f5a56f34764759	exact
assets/slider-with-multicolumn.js	6588	b5ac828cbbf9f66f26354cfadb0f3eb9	6588	b5ac828cbbf9f66f26354cfadb0f3eb9	exact
assets/slideshow-component.js	9043	13b43962a2c19c728fe1f0f500a400f8	9043	13b43962a2c19c728fe1f0f500a400f8	exact
assets/slideshow-with-product.js	8003	b23129d0d5565e555838d0604a66358a	8003	b23129d0d5565e555838d0604a66358a	exact
assets/sticky-atc-bar-minimalist.js	5863	b1675586cd30980a78e6285abf61a095	5863	b1675586cd30980a78e6285abf61a095	exact
assets/sticky-atc-bar.js	7512	5422602edf8bef676e556e88629dd7da	7512	5422602edf8bef676e556e88629dd7da	exact
assets/subscription-popup.css	1282	b8b15f8930410a3d9525e57fe0a57f31	1282	b8b15f8930410a3d9525e57fe0a57f31	exact
assets/subscription-popup.js	3219	50c3e1846dfc124655fd5a25171564ee	3219	50c3e1846dfc124655fd5a25171564ee	exact
assets/testimonial.js	8813	c10de91ab2bae799ed31d4faa7c2d08c	8813	c10de91ab2bae799ed31d4faa7c2d08c	exact
assets/theme-editor.js	1135	f53aa2611fcfd1993f1a43b9c82894cc	1135	f53aa2611fcfd1993f1a43b9c82894cc	exact
assets/theme.css	186253	96080b151a7b4f8e7b9c893050f2e653	186253	96080b151a7b4f8e7b9c893050f2e653	exact
assets/theme.js	99072	c745ba7fff5904ff920444dae33c9858	99072	c745ba7fff5904ff920444dae33c9858	exact
assets/variant-selects.js	3702	8c8a94207ad586bec2da0850c2eb58ab	3702	8c8a94207ad586bec2da0850c2eb58ab	exact
assets/vendor.css	11823	e84c520ee8e63270abc43ab8d4960553	11823	e84c520ee8e63270abc43ab8d4960553	exact
assets/vendor.js	230759	35fd5688e70c019253444c5ed95a80bc	230759	35fd5688e70c019253444c5ed95a80bc	exact
config/settings_data.json	53802	37fed95df8bbaa80d21072b60a08bba3	80889	fbc2af632105d2edaeb2a97be4ecac42	json-reformatted-by-shopify
config/settings_schema.json	59666	98ba74f781d3d4b5338dd2f6c97b50d8	59666	98ba74f781d3d4b5338dd2f6c97b50d8	exact
layout/password.liquid	3675	e68c4d7b8f7424588207cb810b675c33	3675	e68c4d7b8f7424588207cb810b675c33	exact
layout/theme.liquid	5116	a08cdb0734777e2cce19baf1ad8b7f63	5116	a08cdb0734777e2cce19baf1ad8b7f63	exact
locales/de.json	21656	b9e573b8f5450685d3121b5695927fba	22022	ac8d321be827188abf4a52415b6003b3	json-reformatted-by-shopify
locales/de.schema.json	118683	ab52516d2b60a0f41dea0356919eced4	119049	6f30b2620c7d1196a3aa4021771bae79	json-reformatted-by-shopify
locales/en.default.json	20834	e50258459504a24f5f23411546c084cd	21200	278869febe73461c5c9b9183c28c6927	json-reformatted-by-shopify
locales/en.default.schema.json	113641	9981822546a0f1add5a0b04a9aed075e	114007	80eda6d4cb8dab3e393dd6b6b024ed07	json-reformatted-by-shopify
locales/es.json	22562	bce637b44cf670612bb82f5cabf625a2	22928	dd995ce5e089df180e553552b368d835	json-reformatted-by-shopify
locales/es.schema.json	121991	8bac006a54e158f3d4661deab2db0fe9	122357	d1ceaad2038c937da306fada88d23343	json-reformatted-by-shopify
locales/fr.json	22464	b3073ec84c8c27414045b63a9997bcf6	22830	f0646c93e782a5d6aff506c3acd7c127	json-reformatted-by-shopify
locales/fr.schema.json	122135	f8ca3fdd927dc41aefd01e4f6c309ced	122501	7fd9d263049e565379f8d8192a7d1e7f	json-reformatted-by-shopify
locales/it.json	22072	3490ad776abdfdd8309e0ff844b82ce7	22438	6e415cf121746f53abd4df665ee1c689	json-reformatted-by-shopify
locales/it.schema.json	120093	17ebd639d1ca7568fbb278e92c0507fe	120459	db0c87901d565bc386db07321c760d88	json-reformatted-by-shopify
locales/vi.json	22619	93668aa96bf7e6b98f1db3e5dd2b5598	22985	1f6ed3847e7e7ae342c7ec01f4b7e517	json-reformatted-by-shopify
locales/vi.schema.json	124565	9a1574fadb4c9ac19dc78fb03651cedb	124931	5dd2d68c7ed33520f08d10f6ea3539d6	json-reformatted-by-shopify
sections/announcement-bar.liquid	13589	e65a01c0352d05f15c6579cac232ec52	13589	e65a01c0352d05f15c6579cac232ec52	exact
sections/apps.liquid	1359	64cf1b3174e053bc72a5b1772fa7fa4c	1359	64cf1b3174e053bc72a5b1772fa7fa4c	exact
sections/banner-with-tabs.liquid	31006	c13c87d70ffa145cc1db3e1b14750387	31006	c13c87d70ffa145cc1db3e1b14750387	exact
sections/banners-with-categories.liquid	45229	900301199d447cd36684ff25a7d11ab7	45229	900301199d447cd36684ff25a7d11ab7	exact
sections/brand-logos.liquid	21546	2be50d684621cbed90848cf3dbd03914	21546	2be50d684621cbed90848cf3dbd03914	exact
sections/breadcrumbs.liquid	5830	0cb33e1e97bfaaab2cfac74987e8fce3	5830	0cb33e1e97bfaaab2cfac74987e8fce3	exact
sections/buttons-with-icon.liquid	19796	cc2238601f72cd00c50e3b83bbc7e2f0	19796	cc2238601f72cd00c50e3b83bbc7e2f0	exact
sections/cart-drawer.liquid	56323	b645ae4b798d212a2d76df811f94d853	56323	b645ae4b798d212a2d76df811f94d853	exact
sections/collapsible-tabs.liquid	50338	1c0da816e210b0258d535e8aba275a45	50338	1c0da816e210b0258d535e8aba275a45	exact
sections/collection-cards.liquid	19734	befd5e839e953cbd56e82ecd7ffd4812	19734	befd5e839e953cbd56e82ecd7ffd4812	exact
sections/collection-list-slider.liquid	20802	8b74b333e99f0a5bd3f6d4e1bb80a3e1	20802	8b74b333e99f0a5bd3f6d4e1bb80a3e1	exact
sections/collection-list-with-banner.liquid	45641	520d9cc20ab502f863b68b147899283b	45641	520d9cc20ab502f863b68b147899283b	exact
sections/collection-list.liquid	24480	dcb4507663d7c8d425f1d1e4df93bade	24480	dcb4507663d7c8d425f1d1e4df93bade	exact
sections/collection-tabs.liquid	22713	ceff09e3e42a4a93fb6b27a91b3bd170	22713	ceff09e3e42a4a93fb6b27a91b3bd170	exact
sections/comparison-table.liquid	68740	ddc8486ed54bed890e3da82551e11953	68740	ddc8486ed54bed890e3da82551e11953	exact
sections/contact-form.liquid	48294	3030eca9a3c16f4a664d7f3120462179	48294	3030eca9a3c16f4a664d7f3120462179	exact
sections/countdown-timer.liquid	27748	5f2c9ce86f8fdefd95d0f5f08607c362	27748	5f2c9ce86f8fdefd95d0f5f08607c362	exact
sections/custom-content.liquid	102161	1d9453c8c91ca872292969569f7bda37	102161	1d9453c8c91ca872292969569f7bda37	exact
sections/custom-liquid.liquid	1482	3997dea977ae25658a4b9fb1c8bdfff5	1482	3997dea977ae25658a4b9fb1c8bdfff5	exact
sections/favorite-products.liquid	26561	81a8e786a08905820575f6d238dd3f33	26561	81a8e786a08905820575f6d238dd3f33	exact
sections/featured-blog.liquid	19437	710973b04a98a043b74199eeb41de9c4	19437	710973b04a98a043b74199eeb41de9c4	exact
sections/featured-collection.liquid	46058	d4cc67b8d149901f72dca00100de4ab8	46058	d4cc67b8d149901f72dca00100de4ab8	exact
sections/featured-countdown-timer.liquid	40599	57ee9a3602efa46b71da452f5773f5ea	40599	57ee9a3602efa46b71da452f5773f5ea	exact
sections/featured-product.liquid	65260	116067568600f5eb4fa817afd6321166	65260	116067568600f5eb4fa817afd6321166	exact
sections/featured-products-tab.liquid	16955	a961fd80ae471bbea919851049b3d5cb	16955	a961fd80ae471bbea919851049b3d5cb	exact
sections/footer-group.json	7612	3060ff263cdce8d8a7765c5856f2d1d3	7975	219eb8f986c3d029b2f5fad867bd3525	json-reformatted-by-shopify
sections/footer.liquid	41430	989fb8c44607c0b40a929c9f6fdca7d8	41430	989fb8c44607c0b40a929c9f6fdca7d8	exact
sections/grid-banner.liquid	37473	1267a27babb6a1dd79d4273cbe79fb1b	37473	1267a27babb6a1dd79d4273cbe79fb1b	exact
sections/header-group.json	1178	a8f31115c0fc212d0bfb02d5a9325014	2078	86e19a1636c5c94c1e4905d0f055819d	json-reformatted-by-shopify
sections/header.liquid	101913	408b868ebaf1374163709d75425a5ee1	101913	408b868ebaf1374163709d75425a5ee1	exact
sections/highlight-text-with-image.liquid	7229	dfc2a399962eb24559b7179cb36ba447	7229	dfc2a399962eb24559b7179cb36ba447	exact
sections/horizontal-products-list.liquid	19451	db07baef7653ec965bd0c4eaa041f8dd	19451	db07baef7653ec965bd0c4eaa041f8dd	exact
sections/image-cards.liquid	37956	3a2fcb8f88cad4837b44cf58dc09e745	37956	3a2fcb8f88cad4837b44cf58dc09e745	exact
sections/image-comparison.liquid	25428	ca76795408daecece110632f65fa774e	25428	ca76795408daecece110632f65fa774e	exact
sections/image-with-feature.liquid	24910	b966e9beed093643b4e86ba6d3a971bb	24910	b966e9beed093643b4e86ba6d3a971bb	exact
sections/image-with-text-overlay.liquid	23837	a45711632c9e67bc2b842b26a8de965c	23837	a45711632c9e67bc2b842b26a8de965c	exact
sections/image-with-text-slider.liquid	28805	dadbd2666bef4769c183cd527732587d	28805	dadbd2666bef4769c183cd527732587d	exact
sections/image-with-text.liquid	34564	e799b12fcb61b2a257e76ff0276b2c08	34564	e799b12fcb61b2a257e76ff0276b2c08	exact
sections/layered-images-with-text.liquid	22401	017e8f637ad368139ff813d33cdba366	22401	017e8f637ad368139ff813d33cdba366	exact
sections/lookbook-banner.liquid	19849	a76d90162ab746171fa83da39af2bf41	19849	a76d90162ab746171fa83da39af2bf41	exact
sections/lookbook-slider.liquid	22906	77ba5df571b795d13fb8ea1158676635	22906	77ba5df571b795d13fb8ea1158676635	exact
sections/main-404.liquid	627	50d4e4f50537283195e90840feecbf3f	627	50d4e4f50537283195e90840feecbf3f	exact
sections/main-account.liquid	7737	2c46b71fa175785b257655c96456944f	7737	2c46b71fa175785b257655c96456944f	exact
sections/main-activate-account.liquid	4234	22e9accc0dba44a8f1a0784ea8f5d00d	4234	22e9accc0dba44a8f1a0784ea8f5d00d	exact
sections/main-addresses.liquid	20705	9ff9f3675a5ae830379df854b18b5cea	20705	9ff9f3675a5ae830379df854b18b5cea	exact
sections/main-article.liquid	29036	c3fa856d111d9b118d65f66181c8ff90	29036	c3fa856d111d9b118d65f66181c8ff90	exact
sections/main-blog.liquid	16058	e0e98fbaad4b45fa8316bff4a51f9366	16058	e0e98fbaad4b45fa8316bff4a51f9366	exact
sections/main-cart.liquid	65959	4df8b8eebf2b7f5e7cba020f7540fd28	65959	4df8b8eebf2b7f5e7cba020f7540fd28	exact
sections/main-collection-banner.liquid	15658	8c8e9f139304ac830e1b40b46d69bacb	15658	8c8e9f139304ac830e1b40b46d69bacb	exact
sections/main-collection-product-grid.liquid	38151	fb587f2d05aac8f19eeae061501c086f	38151	fb587f2d05aac8f19eeae061501c086f	exact
sections/main-list-collections.liquid	16276	534674234027c6c8ec32d157b0022d06	16276	534674234027c6c8ec32d157b0022d06	exact
sections/main-login.liquid	6599	866e12634a5f1a848e8211a5f157df5a	6599	866e12634a5f1a848e8211a5f157df5a	exact
sections/main-order.liquid	15665	466ef45ec848cf374c385c1990879b19	15665	466ef45ec848cf374c385c1990879b19	exact
sections/main-page.liquid	2448	116dfb36189f4949c7eb514db1587d47	2448	116dfb36189f4949c7eb514db1587d47	exact
sections/main-password-footer.liquid	8756	a0ed3dcb835bb8ab8af8b77aec5b48dd	8756	a0ed3dcb835bb8ab8af8b77aec5b48dd	exact
sections/main-password-header.liquid	4114	9aa39a4be584d10f59acaa19e7339ead	4114	9aa39a4be584d10f59acaa19e7339ead	exact
sections/main-password.liquid	7221	32c3a8116bb327078d76176a6062294b	7221	32c3a8116bb327078d76176a6062294b	exact
sections/main-product.liquid	111283	d26ae5f3ec71adc2c286f7d0194d09d7	111283	d26ae5f3ec71adc2c286f7d0194d09d7	exact
sections/main-register.liquid	5354	ef9907a8d2daee9c90580900236fd90f	5354	ef9907a8d2daee9c90580900236fd90f	exact
sections/main-reset-password.liquid	4220	8003fed7d0ffa3c983444fdce3b798b0	4220	8003fed7d0ffa3c983444fdce3b798b0	exact
sections/main-search.liquid	17583	9c7ea1c963014c18c5f2e5aad46374ee	17583	9c7ea1c963014c18c5f2e5aad46374ee	exact
sections/mobile-sticky-bar.liquid	11398	eb78e4f00d81ee8c74f5750be07c4def	11398	eb78e4f00d81ee8c74f5750be07c4def	exact
sections/multicolumn-icon.liquid	39154	a0ed917393b3387065722f22ac133408	39154	a0ed917393b3387065722f22ac133408	exact
sections/multicolumn.liquid	29123	5b22f742581f6264b285e54e18b8fc82	29123	5b22f742581f6264b285e54e18b8fc82	exact
sections/multiple-product-bundles.liquid	44074	7ec7ccac2b39fc9f9be26fab07650318	44074	7ec7ccac2b39fc9f9be26fab07650318	exact
sections/newsletter.liquid	19640	5e1bbd37726a998325a7a67db4440169	19640	5e1bbd37726a998325a7a67db4440169	exact
sections/overlay-group.json	5722	6eac78f6761133c88505ae1077319294	9629	3debe42ea635e9f027e579e16e6d39a2	json-reformatted-by-shopify
sections/pickup-availability.liquid	5355	dbfde96792cdab7c45d0d8b595e82a37	5355	dbfde96792cdab7c45d0d8b595e82a37	exact
sections/popup.liquid	29096	87b6b995a0b71767581bac648d9ea70c	29096	87b6b995a0b71767581bac648d9ea70c	exact
sections/press.liquid	13531	eb4596e1ffc49767092661503aebf3e6	13531	eb4596e1ffc49767092661503aebf3e6	exact
sections/product-compare-bar-item.liquid	1172	99070154d7abd64bd542bdfb65b7307a	1172	99070154d7abd64bd542bdfb65b7307a	exact
sections/product-compare.liquid	11989	32ebd992c954006b1ead148a17e36f4f	11989	32ebd992c954006b1ead148a17e36f4f	exact
sections/products-bundle-selection.liquid	34834	25aa8962349d1e38638ecd94bfabbdb9	34834	25aa8962349d1e38638ecd94bfabbdb9	exact
sections/products-bundle.liquid	22723	7840d7b95bbcdd8f88dc13f4f7e8ce7a	22723	7840d7b95bbcdd8f88dc13f4f7e8ce7a	exact
sections/promotion-banner.liquid	39839	1360977a75fefc720ee2674fa1d64725	39839	1360977a75fefc720ee2674fa1d64725	exact
sections/quick-comparison-table.liquid	12025	18dde4db62a7d2dfb6ceb88e47be1072	12025	18dde4db62a7d2dfb6ceb88e47be1072	exact
sections/quick-order-list.liquid	20633	41b83a2b73b8aa93a93051e94cab50c7	20633	41b83a2b73b8aa93a93051e94cab50c7	exact
sections/quick-view.liquid	60028	99fc7e95cca2f8fba04a0270e77539c9	60028	99fc7e95cca2f8fba04a0270e77539c9	exact
sections/recently-viewed-products.liquid	16311	2e87d340fceb4f71c92a4a6e79ab9695	16311	2e87d340fceb4f71c92a4a6e79ab9695	exact
sections/related-products.liquid	16944	1851c1c495a751116ba5c23ccbc5a16b	16944	1851c1c495a751116ba5c23ccbc5a16b	exact
sections/rich-text.liquid	20513	08309361dcee9a341df3f6e2e79f24cc	20513	08309361dcee9a341df3f6e2e79f24cc	exact
sections/scrolling-banner.liquid	40951	ad47916dea0969888c564d65811bde55	40951	ad47916dea0969888c564d65811bde55	exact
sections/scrolling-gallery-image.liquid	21957	0c49332232e22aff1ea8aa5ccdf8ad48	21957	0c49332232e22aff1ea8aa5ccdf8ad48	exact
sections/scrolling-promotion.liquid	11575	bb134124c57ee11fff2c75470bf224f9	11575	bb134124c57ee11fff2c75470bf224f9	exact
sections/shop-the-feed.liquid	30792	0faabe150d19bfcb2e5ac057f4ae8767	30792	0faabe150d19bfcb2e5ac057f4ae8767	exact
sections/slider-with-multicolumn.liquid	33159	353e1132ce202d64020a1774c70a3bd4	33159	353e1132ce202d64020a1774c70a3bd4	exact
sections/slideshow-with-product.liquid	40519	3b3e99d67f3d2e51e28cbdb44c453415	40519	3b3e99d67f3d2e51e28cbdb44c453415	exact
sections/slideshow.liquid	40919	555df979d3861b10821f38e2de0a928d	40919	555df979d3861b10821f38e2de0a928d	exact
sections/spacer.liquid	2462	e458fc120fdbeaf466b5c11de965ca54	2462	e458fc120fdbeaf466b5c11de965ca54	exact
sections/spotlight-picks.liquid	36238	23a348ddd82b00a3eee3558c41d1d2a4	36238	23a348ddd82b00a3eee3558c41d1d2a4	exact
sections/tabs-content.liquid	61266	c970c623c22e244438bcf800399909c6	61266	c970c623c22e244438bcf800399909c6	exact
sections/testimonials-masonry.liquid	20249	7b755306587e0116761a8752b1780b40	20249	7b755306587e0116761a8752b1780b40	exact
sections/testimonials.liquid	28755	fbbd0081697e16b00775518b81377f25	28755	fbbd0081697e16b00775518b81377f25	exact
sections/topbar.liquid	12551	a7e84d5e1d900f9bd4a31b106ba8beea	12551	a7e84d5e1d900f9bd4a31b106ba8beea	exact
sections/video-hero.liquid	22343	b7b5524cb5ea996fa155113cc1d8c2c1	22343	b7b5524cb5ea996fa155113cc1d8c2c1	exact
sections/video.liquid	6878	cf69ca74dfb06352ec03e4c3935df22e	6878	cf69ca74dfb06352ec03e4c3935df22e	exact
snippets/ask-question-form.liquid	2754	7113780bc518926d24f2d4a84ddc1163	2754	7113780bc518926d24f2d4a84ddc1163	exact
snippets/back-to-top.liquid	1371	a84c1d3784ccf7a1ce6ed9e58f9233eb	1371	a84c1d3784ccf7a1ce6ed9e58f9233eb	exact
snippets/button-icon.liquid	366	9dbae462d550824061c19b94fb80edb5	366	9dbae462d550824061c19b94fb80edb5	exact
snippets/button.liquid	2638	d2441dd233bc0f29d0dfe73a2fa5880e	2638	d2441dd233bc0f29d0dfe73a2fa5880e	exact
snippets/buy-buttons.liquid	19792	a8e22ebd9c0fc50a1ed6c643f486d8eb	19792	a8e22ebd9c0fc50a1ed6c643f486d8eb	exact
snippets/card-article-placeholder.liquid	1673	afa01abefe08a6e3c3efc06c3e10d36e	1673	afa01abefe08a6e3c3efc06c3e10d36e	exact
snippets/card-article.liquid	4649	a98960c0168042a3584fc0704b597504	4649	a98960c0168042a3584fc0704b597504	exact
snippets/card-collection.liquid	4917	6e5bee4982ed4e63b7293ba26cd5cf7a	4917	6e5bee4982ed4e63b7293ba26cd5cf7a	exact
snippets/card-image-boxed.liquid	5994	28464ac99433b457899c4eb4859402bb	5994	28464ac99433b457899c4eb4859402bb	exact
snippets/card-image-with-product.liquid	6487	e5888d0cd53be587250e1e23b8d1dcd9	6487	e5888d0cd53be587250e1e23b8d1dcd9	exact
snippets/card-image.liquid	9558	2fad0b220f7e093a8baeafbd06ac6085	9558	2fad0b220f7e093a8baeafbd06ac6085	exact
snippets/card-product-boxed.liquid	15880	b37e0bc298aa088d14ce5de743a280c5	15880	b37e0bc298aa088d14ce5de743a280c5	exact
snippets/card-product-bundle.liquid	19437	ae852b3ec9b0085a5e7df62d932c572d	19437	ae852b3ec9b0085a5e7df62d932c572d	exact
snippets/card-product-horizontal.liquid	8633	725d017a5481f54ec27971b8f2091709	8633	725d017a5481f54ec27971b8f2091709	exact
snippets/card-product-list.liquid	10342	b7527e0c00fb643f6e2c35bb78f6b30a	10342	b7527e0c00fb643f6e2c35bb78f6b30a	exact
snippets/card-product-overlay.liquid	8538	038d180d7672415a1ebc8a0f55f32c0d	8538	038d180d7672415a1ebc8a0f55f32c0d	exact
snippets/card-product-placeholder.liquid	1726	e21287d6a33200e5921d7fb3562872a3	1726	e21287d6a33200e5921d7fb3562872a3	exact
snippets/card-product-with-selection.liquid	14783	8fe3f0cda52e480600bc14c861d4e8dc	14783	8fe3f0cda52e480600bc14c861d4e8dc	exact
snippets/card-product.liquid	16550	8c0d6af091f156fe82ebf4a2cceeb7b5	16550	8c0d6af091f156fe82ebf4a2cceeb7b5	exact
snippets/cart-drawer-products-recommendation.liquid	5523	4baa9c490113bce48b31e470a81b65ed	5523	4baa9c490113bce48b31e470a81b65ed	exact
snippets/collection-cards-item.liquid	6379	9a461bd4923b2d6abc3927b316633752	6379	9a461bd4923b2d6abc3927b316633752	exact
snippets/collection-item-slider.liquid	4390	4e3e51869f87b239ba0518061443b362	4390	4e3e51869f87b239ba0518061443b362	exact
snippets/countdown-timer.liquid	2516	b1959459c15720098594870d9bdef21b	2516	b1959459c15720098594870d9bdef21b	exact
snippets/country-selector.liquid	3444	cd84a242dcf3b3c1fa44ebf17ad2d7be	3444	cd84a242dcf3b3c1fa44ebf17ad2d7be	exact
snippets/css-variables.liquid	21536	e5bcb2e5b30ba22d1f0309f38bfc9601	21536	e5bcb2e5b30ba22d1f0309f38bfc9601	exact
snippets/desktop-menu.liquid	9913	054bca3172a732ae564c8ae34db55f7c	9913	054bca3172a732ae564c8ae34db55f7c	exact
snippets/divider.liquid	178	ab07cd2e9c52706c14c60677799c85f0	178	ab07cd2e9c52706c14c60677799c85f0	exact
snippets/facet-short.liquid	802	f5ce94ffa04d640132a68170de84bd47	802	f5ce94ffa04d640132a68170de84bd47	exact
snippets/facets-active.liquid	3692	04ac5dba60f7c5fc6db8c0626e7c8bca	3692	04ac5dba60f7c5fc6db8c0626e7c8bca	exact
snippets/facets-drawer.liquid	3632	ca6888451d12c9f5bc2d5b51de1f18c9	3632	ca6888451d12c9f5bc2d5b51de1f18c9	exact
snippets/facets.liquid	16510	00e0c8ede9ffad28a8144475a801b45f	16510	00e0c8ede9ffad28a8144475a801b45f	exact
snippets/footer-image-text-left.liquid	3178	ee60d8d19bf554dabd95382c90db0ffd	3178	ee60d8d19bf554dabd95382c90db0ffd	exact
snippets/footer-image-text-overlay.liquid	3308	b241050e1e7a5f39b2496118506ce4a9	3308	b241050e1e7a5f39b2496118506ce4a9	exact
snippets/footer-image-text-top.liquid	3454	b36ce74de21a99b8d848a97387eef6e1	3454	b36ce74de21a99b8d848a97387eef6e1	exact
snippets/free-shipping-goal.liquid	1206	3355c11020c753df68e74bafb9d3bcaa	1206	3355c11020c753df68e74bafb9d3bcaa	exact
snippets/gift-card-recipient-form.liquid	7635	985f7d9e92cedaad89a4638b643bd840	7635	985f7d9e92cedaad89a4638b643bd840	exact
snippets/gift-wrapping.liquid	1538	e5752001fa8da1e0d85e79d336dcab0f	1538	e5752001fa8da1e0d85e79d336dcab0f	exact
snippets/help-sidebar.liquid	5046	037d4d10f7fe59fa3d20551f9c96a7b7	5046	037d4d10f7fe59fa3d20551f9c96a7b7	exact
snippets/highlight-text.liquid	3848	b2760d6947a08dc1388c917b81def333	3848	b2760d6947a08dc1388c917b81def333	exact
snippets/icon-3d-model.liquid	1320	1988b0c6a4e36560568f2e13486e8e3b	1320	1988b0c6a4e36560568f2e13486e8e3b	exact
snippets/icon-account.liquid	762	071837842bc6fe27092141ced1cddc60	762	071837842bc6fe27092141ced1cddc60	exact
snippets/icon-arrow-left.liquid	524	429175350e44981d2621004e779799d7	524	429175350e44981d2621004e779799d7	exact
snippets/icon-arrow-right.liquid	429	156f9a32246900bd2be5bfce6595d310	429	156f9a32246900bd2be5bfce6595d310	exact
snippets/icon-arrow-up-right.liquid	445	9a6b2d7dd415ebc47ab0dcfa252ed04b	445	9a6b2d7dd415ebc47ab0dcfa252ed04b	exact
snippets/icon-caret-down.liquid	400	88c8d4494bbecfa0fce87419c6b2b440	400	88c8d4494bbecfa0fce87419c6b2b440	exact
snippets/icon-caret-left.liquid	396	6915bc30f99a447d108a20524935df1f	396	6915bc30f99a447d108a20524935df1f	exact
snippets/icon-caret-right.liquid	410	af73800ab22cb18dc9e49aad80fec6e2	410	af73800ab22cb18dc9e49aad80fec6e2	exact
snippets/icon-caret-up.liquid	451	a1fa20a031a6089158869a5a498c9d3c	451	a1fa20a031a6089158869a5a498c9d3c	exact
snippets/icon-cart.liquid	2122	d159460b70828b171019d0ef54adfd00	2122	d159460b70828b171019d0ef54adfd00	exact
snippets/icon-check.liquid	476	19b8215b02c8349b1a41e6d83b7ca8ff	476	19b8215b02c8349b1a41e6d83b7ca8ff	exact
snippets/icon-clock.liquid	689	2de9d45a507c63d2e81db75ec0bfe378	689	2de9d45a507c63d2e81db75ec0bfe378	exact
snippets/icon-close.liquid	586	a0b8d9021b1b155726d6dd91fa2de6e7	586	a0b8d9021b1b155726d6dd91fa2de6e7	exact
snippets/icon-discount.liquid	835	b6cc2ab89b87e5b7c6a1d8ba24ecfa49	835	b6cc2ab89b87e5b7c6a1d8ba24ecfa49	exact
snippets/icon-empty-state.liquid	1379	050fb5874a353a26621b7b1cbcf34ed7	1379	050fb5874a353a26621b7b1cbcf34ed7	exact
snippets/icon-envelope-simple.liquid	635	0949643d498c30ada172bdd162582d2e	635	0949643d498c30ada172bdd162582d2e	exact
snippets/icon-error.liquid	621	5f589667438cb047bed0544ea7679263	621	5f589667438cb047bed0544ea7679263	exact
snippets/icon-facebook.liquid	518	17f9a6e0808145a313762ce09de8b2a4	518	17f9a6e0808145a313762ce09de8b2a4	exact
snippets/icon-funnel.liquid	1166	97d96197b0dfa50c26cfa514beadbd15	1166	97d96197b0dfa50c26cfa514beadbd15	exact
snippets/icon-grid-column.liquid	910	689baecc6800abdc541939c07cc550cc	910	689baecc6800abdc541939c07cc550cc	exact
snippets/icon-grid-four.liquid	852	190fa118622d44536f6670cfb75ee527	852	190fa118622d44536f6670cfb75ee527	exact
snippets/icon-hamburger.liquid	557	c9105a15e57157a1307079d3436f1019	557	c9105a15e57157a1307079d3436f1019	exact
snippets/icon-heart.liquid	828	f3166511cee4e2590ec97d757f4db539	828	f3166511cee4e2590ec97d757f4db539	exact
snippets/icon-home.liquid	1205	6a39ae0493a23988c23626019019d0ac	1205	6a39ae0493a23988c23626019019d0ac	exact
snippets/icon-instagram.liquid	3186	95b44df6ed043d570edc465fd0c13a91	3186	95b44df6ed043d570edc465fd0c13a91	exact
snippets/icon-lightning-fill.liquid	1246	2a59b86989f15d53d026d64ee0017d05	1246	2a59b86989f15d53d026d64ee0017d05	exact
snippets/icon-list-dashes.liquid	1036	c5f33e8dc761b32384849b373e871468	1036	c5f33e8dc761b32384849b373e871468	exact
snippets/icon-minus.liquid	408	3ea453958449e773c9046926b08770c3	408	3ea453958449e773c9046926b08770c3	exact
snippets/icon-padlock.liquid	1048	1a96611ad407e99c965546b51877b503	1048	1a96611ad407e99c965546b51877b503	exact
snippets/icon-pencil.liquid	784	e6ece8508e06a9c3163e7ac3a6c16237	784	e6ece8508e06a9c3163e7ac3a6c16237	exact
snippets/icon-pinterest.liquid	2451	3a4a9231ba6868b22d59efac7249bc09	2451	3a4a9231ba6868b22d59efac7249bc09	exact
snippets/icon-play.liquid	258	dacd53ba400f2294b0345e95a1a8a8d5	258	dacd53ba400f2294b0345e95a1a8a8d5	exact
snippets/icon-plus-toggle.liquid	528	d52c2530f7d55238dbf84e808d1875e9	528	d52c2530f7d55238dbf84e808d1875e9	exact
snippets/icon-plus.liquid	526	1fe03e2a30f9361d840e039567c61c86	526	1fe03e2a30f9361d840e039567c61c86	exact
snippets/icon-products.liquid	809	35a86c6b0e0b443143d707847ba8b03e	809	35a86c6b0e0b443143d707847ba8b03e	exact
snippets/icon-question.liquid	998	4c75b4c4c75801d4a098fb946fc9e7b5	998	4c75b4c4c75801d4a098fb946fc9e7b5	exact
snippets/icon-search.liquid	641	43ddd903f3cddaccf8f082c2df0006bf	641	43ddd903f3cddaccf8f082c2df0006bf	exact
snippets/icon-share-fat.liquid	746	ab8cf07e889837a07b70ed76b5f1d5b2	746	ab8cf07e889837a07b70ed76b5f1d5b2	exact
snippets/icon-share.liquid	666	86e578f33675942a2b61808a31243b91	666	86e578f33675942a2b61808a31243b91	exact
snippets/icon-slider-next.liquid	406	4b3efab1b274681e9563da194fe5d303	406	4b3efab1b274681e9563da194fe5d303	exact
snippets/icon-slider-prev.liquid	408	e72818a58fb0b38d5043ac8a4cebc009	408	e72818a58fb0b38d5043ac8a4cebc009	exact
snippets/icon-snapchat.liquid	1169	743aa5a424933fe5489110aea27e5982	1169	743aa5a424933fe5489110aea27e5982	exact
snippets/icon-storefront.liquid	1658	de4511009eeac85db03dc1abdd3b64f3	1658	de4511009eeac85db03dc1abdd3b64f3	exact
snippets/icon-success.liquid	300	31e620b2e241d7a0aed8bc92c2ba3dc4	300	31e620b2e241d7a0aed8bc92c2ba3dc4	exact
snippets/icon-tag.liquid	925	f6205a021a81fa54de83d6118e02cd42	925	f6205a021a81fa54de83d6118e02cd42	exact
snippets/icon-testimonial.liquid	5654	2900ce1dc7645e639954a5389ff1ec9e	5654	2900ce1dc7645e639954a5389ff1ec9e	exact
snippets/icon-tiktok.liquid	688	2260c372ba9f02e6434b7e8eee5ffb60	688	2260c372ba9f02e6434b7e8eee5ffb60	exact
snippets/icon-trash.liquid	637	a0a2fe37e6161ee1915acf3068b5259c	637	a0a2fe37e6161ee1915acf3068b5259c	exact
snippets/icon-truck.liquid	1854	fd26053132f16777d6252f0e9c4aac73	1854	fd26053132f16777d6252f0e9c4aac73	exact
snippets/icon-tumblr.liquid	2004	72c0a3ca35b873e53ba5bc03be379c39	2004	72c0a3ca35b873e53ba5bc03be379c39	exact
snippets/icon-twitter.liquid	448	1a5e9c6df125ac63c6064b6a01fbc1c7	448	1a5e9c6df125ac63c6064b6a01fbc1c7	exact
snippets/icon-unavailable.liquid	434	378066b2b56398d079a34188a33f2f5c	434	378066b2b56398d079a34188a33f2f5c	exact
snippets/icon-video.liquid	866	f1f7c506eb77a38f31a11106a3bf12de	866	f1f7c506eb77a38f31a11106a3bf12de	exact
snippets/icon-vimeo.liquid	830	8bd34db085ee992e3c79b231d72a7528	830	8bd34db085ee992e3c79b231d72a7528	exact
snippets/icon-with-text.liquid	2951	18fbd6975448a503396861a75b3cd9a2	2951	18fbd6975448a503396861a75b3cd9a2	exact
snippets/icon-youtube.liquid	826	560cafa35de079b0a449b1c084cbf872	826	560cafa35de079b0a449b1c084cbf872	exact
snippets/icon-zoom.liquid	458	371002dab7c34b2df973c41d717576f3	458	371002dab7c34b2df973c41d717576f3	exact
snippets/icons.liquid	25926	a184ed089af93f82d55953a6f91c17d1	25926	a184ed089af93f82d55953a6f91c17d1	exact
snippets/js-variables.liquid	3665	baa6af7cacd906e9a982e928f8a46220	3665	baa6af7cacd906e9a982e928f8a46220	exact
snippets/language-selector.liquid	2178	ba6a97950f3f7fa9c4a905e7ee99736d	2178	ba6a97950f3f7fa9c4a905e7ee99736d	exact
snippets/loading-spinner.liquid	560	706d6d7f75da5ec6c8ddb19e4a1e4398	560	706d6d7f75da5ec6c8ddb19e4a1e4398	exact
snippets/lookbook-card-hotspot.liquid	2279	1490f6cc0ed036117e4e8dcfcf1091c2	2279	1490f6cc0ed036117e4e8dcfcf1091c2	exact
snippets/lookbook-card.liquid	7969	2fc8361a20f5da91375b6f7453eeee58	7969	2fc8361a20f5da91375b6f7453eeee58	exact
snippets/lookbook-icon.liquid	4521	9b2be8ec3beb46660fac4d29474b2923	4521	9b2be8ec3beb46660fac4d29474b2923	exact
snippets/mega-custom-card.liquid	1470	3ba637cb6cb0146bdeb01fa34e34c1ba	1470	3ba637cb6cb0146bdeb01fa34e34c1ba	exact
snippets/mega-menu.liquid	19702	195805b3d5105024c0c4af737179038c	19702	195805b3d5105024c0c4af737179038c	exact
snippets/menu-drawer-details.liquid	16182	90fa409be94a01b7e4e1fa78eacc73f3	16182	90fa409be94a01b7e4e1fa78eacc73f3	exact
snippets/menu-drawer.liquid	8755	5240b23e17ed5d9395eda7d3e993f3c4	8755	5240b23e17ed5d9395eda7d3e993f3c4	exact
snippets/meta-tags.liquid	1704	94fe115faaf448a88815c92abdfe59eb	1704	94fe115faaf448a88815c92abdfe59eb	exact
snippets/newsletter-form.liquid	3782	c3708b8200f427d4767088be7e3abca9	3782	c3708b8200f427d4767088be7e3abca9	exact
snippets/page-transition.liquid	57	073dcaab64551b538f787b0e4d2e65e3	57	073dcaab64551b538f787b0e4d2e65e3	exact
snippets/pagination.liquid	3071	6803c2ced207814939df418da5a455c8	3071	6803c2ced207814939df418da5a455c8	exact
snippets/pcard-badges.liquid	2959	628d7e50a8ade6ba642b9436491941c6	2959	628d7e50a8ade6ba642b9436491941c6	exact
snippets/pcard-color-swatch.liquid	3249	54b908e934d2468c19fd07ad1c6351e7	3249	54b908e934d2468c19fd07ad1c6351e7	exact
snippets/pcard-flash-sale.liquid	1060	58305b63c9a38718797372909359ca74	1060	58305b63c9a38718797372909359ca74	exact
snippets/pcard-quantity-break.liquid	4476	8892431c19fafdf6863bc3c74e47cb1d	4476	8892431c19fafdf6863bc3c74e47cb1d	exact
snippets/predictive-search.liquid	16429	ba2401958b2c77c97f9f2018dd062535	16429	ba2401958b2c77c97f9f2018dd062535	exact
snippets/price.liquid	5492	74f3ca27313559ff0376500b7529aa4a	5492	74f3ca27313559ff0376500b7529aa4a	exact
snippets/product-badges.liquid	2722	efad453b221d43b25ebfbe3279bffd16	2722	efad453b221d43b25ebfbe3279bffd16	exact
snippets/product-collapsible-tab.liquid	857	20864360f5fe82f689116dfa64f892db	857	20864360f5fe82f689116dfa64f892db	exact
snippets/product-compare-bar.liquid	2278	45e4d58b30f63c1fd9fa4b64022501bd	2278	45e4d58b30f63c1fd9fa4b64022501bd	exact
snippets/product-compare-variants.liquid	6086	d751fbf89a845d887a6eb6630bdab51c	6086	d751fbf89a845d887a6eb6630bdab51c	exact
snippets/product-complementary.liquid	7406	7dca33346c7a9e6521510689f7c20b7d	7406	7dca33346c7a9e6521510689f7c20b7d	exact
snippets/product-grid-icon-box.liquid	1267	107e634144dd41da5126fb4d9d809565	1267	107e634144dd41da5126fb4d9d809565	exact
snippets/product-information-below-media.liquid	1339	6a5ff320168b933d29c1049fbf604c81	1339	6a5ff320168b933d29c1049fbf604c81	exact
snippets/product-information-blocks.liquid	26865	9904051f409abc27eee607f835819ec4	26865	9904051f409abc27eee607f835819ec4	exact
snippets/product-media-gallery.liquid	7110	6ab93aca301fc47e4b523ef10f947741	7110	6ab93aca301fc47e4b523ef10f947741	exact
snippets/product-payment-info.liquid	1363	efbfbeddc534661f6d882edee92db4cc	1363	efbfbeddc534661f6d882edee92db4cc	exact
snippets/product-pickup-availability.liquid	1448	8663e5a8a6d99f814ccb17e8cc4b4b2e	1448	8663e5a8a6d99f814ccb17e8cc4b4b2e	exact
snippets/product-thumbnail.liquid	5699	697b2b9d376d9ba493d0bafbfb2ddf64	5699	697b2b9d376d9ba493d0bafbfb2ddf64	exact
snippets/product-variant-options.liquid	6005	69e6a068618882d98617a88d87b0b0ba	6005	69e6a068618882d98617a88d87b0b0ba	exact
snippets/product-variant-picker.liquid	7364	84455863d88f586096ce8e3130611842	7364	84455863d88f586096ce8e3130611842	exact
snippets/quantity-input.liquid	1236	c40ce68e9b69c2907c2a23352ddbda8d	1236	c40ce68e9b69c2907c2a23352ddbda8d	exact
snippets/quick-comparison-table-col.liquid	2958	5a70a9dd15421e3a374341d4414c4802	2958	5a70a9dd15421e3a374341d4414c4802	exact
snippets/quick-order-list-row.liquid	14735	09108597912b48d5ed6b0c3886379573	14735	09108597912b48d5ed6b0c3886379573	exact
snippets/quick-view-modal.liquid	1230	13b517e3536b54b87eecdf92daf51886	1230	13b517e3536b54b87eecdf92daf51886	exact
snippets/section-heading.liquid	5368	71cc9acaf5ead139574e37e7dea29563	5368	71cc9acaf5ead139574e37e7dea29563	exact
snippets/social-icons.liquid	4935	53c76796e3ff1030afe410545f638a1e	4935	53c76796e3ff1030afe410545f638a1e	exact
snippets/social-sharing.liquid	1396	6f59d875bf1aa840a7202befe3024d57	1396	6f59d875bf1aa840a7202befe3024d57	exact
snippets/sticky-atc-bar.liquid	9787	689b732ef171d9cec4c8f72076e13f5c	9787	689b732ef171d9cec4c8f72076e13f5c	exact
snippets/swatch-input.liquid	1964	37534376d43b9f7b8ddb868aadccb0ab	1964	37534376d43b9f7b8ddb868aadccb0ab	exact
snippets/swatch.liquid	3468	558e82b9758ce9ba32a7e27bf07f35bd	3468	558e82b9758ce9ba32a7e27bf07f35bd	exact
snippets/testimonial-1.liquid	5737	41c81a80f83058bf7d85ba90ee6cfed9	5737	41c81a80f83058bf7d85ba90ee6cfed9	exact
snippets/testimonial-2.liquid	5171	c433c922b4d6cb44a77742deecf097fc	5171	c433c922b4d6cb44a77742deecf097fc	exact
snippets/testimonial-3.liquid	7448	7a6439e99e8ae3683b31e93e1ae9bf31	7448	7a6439e99e8ae3683b31e93e1ae9bf31	exact
snippets/video.liquid	3676	a1263914d1b99611be07a1ec8235c08b	3676	a1263914d1b99611be07a1ec8235c08b	exact
templates/404.json	119	2e60ca76a455c7a7fe18751b87d028f7	482	0ff47dc4cb96490737abab68d2ab084f	json-reformatted-by-shopify
templates/article.json	2831	8ee26e3ce70f521939c5bab57701e1cb	3194	af752101a6ca00349886208bb4bc92b0	json-reformatted-by-shopify
templates/blog.json	2776	2b6bc83e6b4691f634c65d3a7fe8cdc7	3139	bbe46adb54e16a2bb16d50deedba5170	json-reformatted-by-shopify
templates/cart.json	3287	b90c94507685e9f7ac3a1c3781fb30c9	3650	80a5bd8cfbda2d5735b5f68832133cd5	json-reformatted-by-shopify
templates/collection.banner-as-background.json	7010	52e9bfda94e633dcf0d67bfbc196ddf7	10826	4bc0f22bb5d593a95b8037e54e1ca044	json-reformatted-by-shopify
templates/collection.banner-left.json	9401	a7d8021aba2dcf5ebc33a05974833ff5	14564	c5b270ad0e5068b6edbe258c65dc1367	json-reformatted-by-shopify
templates/collection.banner-top-with-cards.json	10285	915f4d511239c7c76a5365486987be79	15872	c1fbd030f19d3eb043961947a3c8166d	json-reformatted-by-shopify
templates/collection.banner-without-image.json	6900	2105a7c0137b8a7d454b447d70dfcaf2	10666	6dea4f71ad05887cc6f118a2a1641b95	json-reformatted-by-shopify
templates/collection.json	9418	9f56821c8313ab4db92db43111ab15df	14589	e7bab5b8ee87023d8bb0c649fc969334	json-reformatted-by-shopify
templates/customers/account.json	76	5b2d9d12ec8fa7ddf901ed237d2ea990	487	7875160a9851d4970889b27ab805e29b	json-reformatted-by-shopify
templates/customers/activate_account.json	85	3cc5e71689fd1201baee0bb596eb0118	496	424ae5f929544c0533340272053cf415	json-reformatted-by-shopify
templates/customers/addresses.json	226	2bc3398ed200d3b6f347f553c4679bc7	589	9562b7d295b90ba57e57a4cedb0a3e31	json-reformatted-by-shopify
templates/customers/login.json	74	49cfb29bed40de90735d43b2815ad1ab	485	c80603c069d9902f9338ab1428690ceb	json-reformatted-by-shopify
templates/customers/order.json	74	a13d0b936bd137a576aac92f5a6dd364	485	16c64830889ec400da42cd02aef6bf6e	json-reformatted-by-shopify
templates/customers/register.json	77	100c191958f9026b38f16fc2e1add4cb	488	76936413e89b4e0653f3c1be0f1a30ef	json-reformatted-by-shopify
templates/customers/reset_password.json	83	33e6ecc531b1158925c98b2e08d921e1	494	b32baed15a9bfa049d0b0afad7d82a1d	json-reformatted-by-shopify
templates/gift_card.liquid	6153	03030daea2b4e59b342c1c166c641582	6153	03030daea2b4e59b342c1c166c641582	exact
templates/index.json	37581	1874b99f9478944d09e5337e62284f6a	58700	f410af469453021d0cefc27833df850b	json-reformatted-by-shopify
templates/list-collections.json	24460	bc156f5a111bed1140bf5c909a6ff55a	24823	153134642d98fa68a7d28e0207400e89	json-reformatted-by-shopify
templates/page.about.json	27942	ec18f53d562b251395b79f061c806520	28305	9070311f9f32b6e765b7f545676e3904	json-reformatted-by-shopify
templates/page.contact.json	6023	c39305efe52546be993555400bf542d2	6386	ab90ad670a2864bb0cdfe710dcab8f7c	json-reformatted-by-shopify
templates/page.customer-care.json	5844	a5bafa91c4eaeffb6f4088f1cb61d474	6207	03259787eb8bc4fe978b74ed32d49f90	json-reformatted-by-shopify
templates/page.faq.json	19666	3d0caaca8a74eaa7a9bac71e4a5aa425	20029	b4faac89796d926e8fe3aade952ba8a5	json-reformatted-by-shopify
templates/page.find-a-store.json	9359	ff06f23a6b230aceaccae4672c834067	9722	1c8e3ab67dfdd0d911225086b647f9c3	json-reformatted-by-shopify
templates/page.json	183	6212e487998c93ca0e491806b32a8ae1	546	ab4aea580bdb478c7d7433a1da2e2a62	json-reformatted-by-shopify
templates/password.json	376	8e6999e77f9675be158042b55d710a4e	739	2c847179da7411de3b9f502317805fdd	json-reformatted-by-shopify
templates/product.coming-soon.json	33028	0761306777c7339ff18d557b24a74ceb	33391	ffa285ac217213da44550025ff23b2e5	json-reformatted-by-shopify
templates/product.flash-sale.json	34774	2dc1020eca4f8899f834a7b0b92f5b43	35137	8a4d2e657691f6a90943f3cbe0183cc0	json-reformatted-by-shopify
templates/product.grid-2-columns.json	34684	0a49871b0c0a165dbb925601f6a6d56d	35047	3373c56cd2083356bc62455dcb743f32	json-reformatted-by-shopify
templates/product.grid-mix.json	34512	42bb907c7dabc6445724803c17ae131e	34875	4fda07999c182298559fffd4ef45dbee	json-reformatted-by-shopify
templates/product.horizontal-thumbnails.json	34685	9b2b339addcfc5f89fb5dffa02642ff0	35048	bba2e40feea91e510bada5ca3f430c30	json-reformatted-by-shopify
templates/product.json	34724	f90adb452a620f1ce90771a7f2a59973	35087	cd3b5e85480436f425dbf7dff680a9e5	json-reformatted-by-shopify
templates/product.out-of-stock.json	35786	3df43c58120bf3d4d4e38836e3956094	36149	cf7323157a6fc100532e2d9e64753bb0	json-reformatted-by-shopify
templates/product.product-image-swatch.json	34695	0141922c338a3bba4d171453d7527512	35058	918dd772d51fdf11610d100c87efb644	json-reformatted-by-shopify
templates/search.json	312	40cbdb2506fbdd314da3f344e70ee87a	675	3b9fca3b3c4f6d6218262bc96a77a012	json-reformatted-by-shopify
